Time,Headline
2025-08-09,The TRIPP Corridor Threatens To Undermine Russia's Broader Regional Position
2025-08-09,"Vacuuming, Mopping, Mowing: The Household Robots Are Coming"
2025-08-09,American AI Companies Open Up To Counter China
2025-08-09,These Are The Biggest Threats To Teens' Mental Health
2025-08-09,Fermented Stevia Extract Kills Pancreatic Cancer Cells In Lab Tests
2025-08-09,Loading…
2025-08-09,"Trump’s Amazing Chart Says All You Need to Know, Can Anyone Read It?"
2025-08-09,Battle Lines Are Drawn Over Partisan Redistricting - What To Know
2025-08-09,Chaotic NYC 'Safe' Injection-Sites Put On Notice By Trump
2025-08-09,"China's Baidu To Deploy Its Self-Driving Taxis Globally Through Deals With Lyft, Uber"
2025-08-09,Nuclear Weapons Spending Is On The Rise
2025-08-09,Appeals Court Nukes Boasberg's Contempt Order In Trump Admin Deportations Case
2025-08-09,12 Republicans Led by Massie Have the Votes Force Release of Epstein Files
2025-08-09,Real Estate Newsletter Articles this Week
2025-08-09,"Trump Orders New Census Excluding Illegal Immigrants, a Good Idea?"
2025-08-09,"Camp Kotok: Rates, Fed & Dollar (Drink!)"
2025-08-09,Loading…
2025-08-09,Saturday links: uneven human luck
2025-08-09,BLS BS
2025-08-09,Navitas Semiconductor: A High-Stakes Gamble On The Future Of AI Data Centers
2025-08-09,"Schedule for Week of August 10, 2025"
2025-08-09,The Witnessing
2025-08-09,Questions to a Secretary of State
2025-08-09,Book Bits: 9 August 2025
2025-08-09,Cost of Healthcare Insurance by Commercial and Government
2025-08-09,10 Camp Kotok Reads
2025-08-09,US Economic Growth Shows Cracks
2025-08-08,"Trump Adds New Names to Fed Chair Search, I’m Still Available"
2025-08-08,The Mish U1 Recession Indicator Is Flashing a Big Warning
2025-08-08,Applying Prof. Edward Leamer’s pre-recession progression paradigm to the present
2025-08-08,Apple: Is The $100 Billion Deal Really A Smart Move?
2025-08-08,AAR: Rail Traffic in July: Intermodal and Carload Traffic Increased
2025-08-08,Loading…
2025-08-08,Gold Hits New Record High on Tariffs Then Gives Up “Misinformation” Gains
2025-08-08,Prophecy
2025-08-08,Simple answers to simple questions
2025-08-08,Update: Lumber Prices Up 24% YoY
2025-08-08,The Ring Kissing and Bootlicking Will Continue While Networks Eat The State
2025-08-08,Early Q3 GDP Tracking
2025-08-08,Friday links: why harvest season sizzles
2025-08-08,Podcast links: the right to privacy
2025-08-08,"Expect Big Negative Revisions on GDI, Spending, and Industrial Production"
2025-08-08,I Have Never Been More Bullish On LandBridge
2025-08-08,"Palantir Brass: I'm A Lover, Not A Hater, But Lovers Can Quarrel (Still At 'Hold')"
2025-08-08,MiB: Tim Ferris on The Productivity Mindset
2025-08-08,1st Look at Local Housing Markets in July
2025-08-08,Student Loan Access and Pay Backs
2025-08-08,Utilities Take Lead As Top US Equity Sector Performer This Year
2025-08-08,"Design, Growing Old, and the Impact"
2025-08-08,Macro Briefing: 8 August 2025
2025-08-08,Data Myopia Foils The Fed
2025-08-08,The Debt And Deficit Problem Isn’t What You Think
2025-08-08,"Mosaic: A Strong Foundation, But Not A Buy (For Now)"
2025-08-07,Stumbling Superpower Syndrome
2025-08-07,"Realtor.com Reports Most Active ""For Sale"" Inventory since November 2019"
2025-08-07,"AMD: Record-Breaking Q2, But Don't Buy Until $156"
2025-08-07,Open Thread with a Topic
2025-08-07,Waymo Faces Growing Opposition from Left-Wing Luddite Activists
2025-08-07,This Market Is Clueless: Why I'm Still All In On Texas Pacific
2025-08-07,New Trends With Friends Episode: From the Death of 60/40 to Bitcoin Treasuries: Rethinking Portfolios for the Degenerate Economy with Jeff Park of ProCap
2025-08-07,"Continued Unemployment Claims Jump by 38,000 to New High Since Nov 6, 2021"
2025-08-07,Cloudflare: Policing The Internet
2025-08-07,Thursday links: faux participation
2025-08-07,Trump: Enemies Foreign and Domestic
2025-08-07,Hotels: Occupancy Rate Decreased 0.1% Year-over-year; Weak Summer
2025-08-07,Longform links: environmental contagion
2025-08-07,JPMorgan: Set To Win Big From Goldman's Apple Card Divestiture
2025-08-07,Wholesale Used Car Prices Decreased in July; Up 3% Year-over-year
2025-08-07,"Weekly Initial Unemployment Claims Increase to 226,000"
2025-08-07,10 Often-Overlooked Insights
2025-08-07,Will Next Week’s Consumer Inflation Report Highlight Tariff Risk?
2025-08-07,Best Practices for Building Your Trading Business
2025-08-07,Macro Briefing: 7 August 2025
2025-08-07,Broadcom: How AI Transformed Its Semicon Business
2025-08-07,Insiders Sell The July Rally
2025-08-06,How Much Will Trump’s Auto Tariffs Drive Up Car Prices?
2025-08-06,Gen Z: Nationalists vs. Communists
2025-08-06,Wednesday links: a recipe for disappointment
2025-08-06,Paradigm Shifts and the Winner's Curse
2025-08-06,At The Money: What Is Money?
2025-08-06,Personal finance links: moving the goalposts
2025-08-06,Will Incoming Inflation Data Derail Outlook For Interest Rate Cut?
2025-08-06,Macro Briefing: 6 August 2025
2025-08-06,The Low Beta Boom: Sidestepping The Dotcom Bust
2025-08-06,Utilities And Industrials Carry The Market
2025-08-05,Breaking China’s Rare Earth Dominance
2025-08-05,I Love SWAG Golf...A Winner As The Degenerate Economy Accelerates
2025-08-05,Tuesday links: a game of regulatory arbitrage
2025-08-05,Research links: nobody reads the footnotes
2025-08-05,Trump’s EPA to Make CO2 Great Again
2025-08-05,"Recession Talk Is Back, But Confirming Data Still Missing"
2025-08-05,Macro Briefing: 5 August 2025
2025-08-05,Palantir Thrives On Trump Presidency
